epoch,phase,pct,batch_idx,n_batches,cumulative_loss,elapsed_min
1,train,4.8,21,438,5.332,0.3
1,train,9.6,42,438,4.1409,0.4
1,train,14.4,63,438,3.5084,0.5
1,train,19.2,84,438,3.1617,0.6
1,train,24.0,105,438,2.9545,0.7
1,train,28.8,126,438,2.8128,0.8
1,train,33.6,147,438,2.7133,1.0
1,train,38.4,168,438,2.636,1.1
1,train,43.2,189,438,2.5759,1.5
1,train,47.9,210,438,2.5261,1.6
1,train,52.7,231,438,2.4859,1.7
1,train,57.5,252,438,2.4523,1.9
1,train,62.3,273,438,2.4227,2.0
1,train,67.1,294,438,2.3978,2.2
1,train,71.9,315,438,2.3762,2.4
1,train,76.7,336,438,2.3572,2.6
1,train,81.5,357,438,2.3404,2.8
1,train,86.3,378,438,2.3255,3.0
1,train,91.1,399,438,2.312,3.1
1,train,95.9,420,438,2.2995,3.5
1,train,100.0,438,438,2.29,3.7
1,val,4.2,4,95,1.9471,0.1
1,val,8.4,8,95,1.9456,0.1
1,val,12.6,12,95,1.9494,0.2
1,val,16.8,16,95,1.9637,0.2
1,val,21.1,20,95,1.9607,0.2
1,val,25.3,24,95,1.9593,0.2
1,val,29.5,28,95,1.9617,0.3
1,val,33.7,32,95,1.959,0.3
1,val,37.9,36,95,1.957,0.3
1,val,42.1,40,95,1.956,0.3
1,val,46.3,44,95,1.9545,0.6
1,val,50.5,48,95,1.9509,0.6
1,val,54.7,52,95,1.9559,0.6
1,val,58.9,56,95,1.9514,0.6
1,val,63.2,60,95,1.9533,0.7
1,val,67.4,64,95,1.9535,0.7
1,val,71.6,68,95,1.9512,0.7
1,val,75.8,72,95,1.9512,0.7
1,val,80.0,76,95,1.9477,0.8
1,val,84.2,80,95,1.9471,0.8
1,val,88.4,84,95,1.9472,0.8
1,val,92.6,88,95,1.9465,0.8
1,val,96.8,92,95,1.9478,0.9
1,val,100.0,95,95,1.9488,0.9
2,train,4.8,21,438,2.064,0.3
2,train,9.6,42,438,2.0543,0.4
2,train,14.4,63,438,2.0541,0.6
2,train,19.2,84,438,2.0556,0.7
2,train,24.0,105,438,2.0546,0.9
2,train,28.8,126,438,2.0531,1.0
2,train,33.6,147,438,2.0525,1.1
2,train,38.4,168,438,2.0511,1.2
2,train,43.2,189,438,2.0508,1.5
2,train,47.9,210,438,2.0489,1.6
2,train,52.7,231,438,2.0477,2.1
2,train,57.5,252,438,2.0482,2.2
2,train,62.3,273,438,2.0474,2.7
2,train,67.1,294,438,2.0466,2.8
2,train,71.9,315,438,2.0449,3.2
2,train,76.7,336,438,2.0437,3.3
2,train,81.5,357,438,2.0433,3.4
2,train,86.3,378,438,2.0429,3.6
2,train,91.1,399,438,2.043,3.8
2,train,95.9,420,438,2.0434,3.9
2,train,100.0,438,438,2.0431,4.0
2,val,4.2,4,95,1.9282,0.4
2,val,8.4,8,95,1.9144,0.4
2,val,12.6,12,95,1.9173,0.5
2,val,16.8,16,95,1.9265,0.5
2,val,21.1,20,95,1.9251,0.5
2,val,25.3,24,95,1.9217,0.5
2,val,29.5,28,95,1.9256,0.6
2,val,33.7,32,95,1.9261,0.6
2,val,37.9,36,95,1.9258,0.7
2,val,42.1,40,95,1.9257,0.7
2,val,46.3,44,95,1.9256,0.9
2,val,50.5,48,95,1.9263,0.9
2,val,54.7,52,95,1.9267,0.9
2,val,58.9,56,95,1.9243,0.9
2,val,63.2,60,95,1.9238,1.1
2,val,67.4,64,95,1.9239,1.2
2,val,71.6,68,95,1.9221,1.2
2,val,75.8,72,95,1.9213,1.2
2,val,80.0,76,95,1.917,1.2
2,val,84.2,80,95,1.9163,1.2
2,val,88.4,84,95,1.9159,1.5
2,val,92.6,88,95,1.9163,1.5
2,val,96.8,92,95,1.9178,1.5
2,val,100.0,95,95,1.9187,1.5
3,train,4.8,21,438,2.0308,0.4
3,train,9.6,42,438,2.0345,0.5
3,train,14.4,63,438,2.0335,0.6
3,train,19.2,84,438,2.032,0.7
3,train,24.0,105,438,2.0292,0.8
3,train,28.8,126,438,2.0296,1.1
3,train,33.6,147,438,2.0294,1.2
3,train,38.4,168,438,2.0294,1.3
3,train,43.2,189,438,2.0285,1.5
3,train,47.9,210,438,2.0291,1.8
3,train,52.7,231,438,2.0307,1.9
3,train,57.5,252,438,2.0314,2.2
3,train,62.3,273,438,2.0314,2.4
3,train,67.1,294,438,2.0313,2.6
3,train,71.9,315,438,2.0314,2.8
3,train,76.7,336,438,2.0305,3.0
3,train,81.5,357,438,2.0298,3.3
3,train,86.3,378,438,2.0295,3.5
3,train,91.1,399,438,2.0297,3.6
3,train,95.9,420,438,2.0286,3.9
3,train,100.0,438,438,2.0286,4.0
3,val,4.2,4,95,1.9494,0.4
3,val,8.4,8,95,1.9282,0.4
3,val,12.6,12,95,1.9311,0.6
3,val,16.8,16,95,1.9494,0.6
3,val,21.1,20,95,1.9457,0.7
3,val,25.3,24,95,1.944,0.7
3,val,29.5,28,95,1.9457,0.8
3,val,33.7,32,95,1.9453,0.8
3,val,37.9,36,95,1.9445,0.8
3,val,42.1,40,95,1.9419,0.8
3,val,46.3,44,95,1.941,0.9
3,val,50.5,48,95,1.94,0.9
3,val,54.7,52,95,1.9367,0.9
3,val,58.9,56,95,1.9291,0.9
3,val,63.2,60,95,1.9281,1.0
3,val,67.4,64,95,1.9277,1.0
3,val,71.6,68,95,1.9253,1.2
3,val,75.8,72,95,1.925,1.2
3,val,80.0,76,95,1.9206,1.3
3,val,84.2,80,95,1.9194,1.3
3,val,88.4,84,95,1.9203,1.3
3,val,92.6,88,95,1.9201,1.3
3,val,96.8,92,95,1.9216,1.3
3,val,100.0,95,95,1.9224,1.3
4,train,4.8,21,438,2.0189,0.3
4,train,9.6,42,438,2.0175,0.4
4,train,14.4,63,438,2.0177,0.5
4,train,19.2,84,438,2.0256,0.6
4,train,24.0,105,438,2.0257,0.7
4,train,28.8,126,438,2.0231,1.1
4,train,33.6,147,438,2.0227,2.3
4,train,38.4,168,438,2.0231,2.4
4,train,43.2,189,438,2.0207,2.6
4,train,47.9,210,438,2.0198,2.7
4,train,52.7,231,438,2.0194,2.9
4,train,57.5,252,438,2.0192,3.3
4,train,62.3,273,438,2.0192,3.4
4,train,67.1,294,438,2.0185,3.7
4,train,71.9,315,438,2.0188,3.9
4,train,76.7,336,438,2.0181,4.0
4,train,81.5,357,438,2.0174,4.3
4,train,86.3,378,438,2.0178,4.4
4,train,91.1,399,438,2.0182,4.8
4,train,95.9,420,438,2.018,5.0
4,train,100.0,438,438,2.0173,5.1
4,val,4.2,4,95,1.885,0.4
4,val,8.4,8,95,1.8808,0.4
4,val,12.6,12,95,1.8874,0.5
4,val,16.8,16,95,1.9068,0.5
4,val,21.1,20,95,1.901,0.5
4,val,25.3,24,95,1.8985,0.5
4,val,29.5,28,95,1.9018,0.5
4,val,33.7,32,95,1.899,0.6
4,val,37.9,36,95,1.8983,0.6
4,val,42.1,40,95,1.9002,0.6
4,val,46.3,44,95,1.9007,0.6
4,val,50.5,48,95,1.8996,0.7
4,val,54.7,52,95,1.8976,0.7
4,val,58.9,56,95,1.8907,0.7
4,val,63.2,60,95,1.8904,0.7
4,val,67.4,64,95,1.8901,0.7
4,val,71.6,68,95,1.8864,0.8
4,val,75.8,72,95,1.8854,0.8
4,val,80.0,76,95,1.8776,0.8
4,val,84.2,80,95,1.8772,0.8
4,val,88.4,84,95,1.8772,0.9
4,val,92.6,88,95,1.877,1.1
4,val,96.8,92,95,1.8787,1.1
4,val,100.0,95,95,1.8792,1.1
5,train,4.8,21,438,2.0092,0.2
5,train,9.6,42,438,2.0136,0.3
5,train,14.4,63,438,2.0056,0.5
5,train,19.2,84,438,2.0074,0.7
5,train,24.0,105,438,2.0087,0.8
5,train,28.8,126,438,2.0098,1.0
5,train,33.6,147,438,2.0111,1.3
5,train,38.4,168,438,2.0118,1.4
5,train,43.2,189,438,2.0115,1.6
5,train,47.9,210,438,2.0107,1.8
5,train,52.7,231,438,2.0102,2.1
5,train,57.5,252,438,2.0099,2.2
5,train,62.3,273,438,2.0099,2.4
5,train,67.1,294,438,2.0085,2.5
5,train,71.9,315,438,2.007,2.8
5,train,76.7,336,438,2.0082,2.9
5,train,81.5,357,438,2.0079,3.1
5,train,86.3,378,438,2.0078,3.4
5,train,91.1,399,438,2.0078,3.5
5,train,95.9,420,438,2.0077,3.9
5,train,100.0,438,438,2.0083,4.0
5,val,4.2,4,95,1.9096,0.1
5,val,8.4,8,95,1.9034,0.2
5,val,12.6,12,95,1.9049,0.2
5,val,16.8,16,95,1.921,0.2
5,val,21.1,20,95,1.9191,0.2
5,val,25.3,24,95,1.9177,0.3
5,val,29.5,28,95,1.9213,0.3
5,val,33.7,32,95,1.9184,0.3
5,val,37.9,36,95,1.9178,0.3
5,val,42.1,40,95,1.9148,0.4
5,val,46.3,44,95,1.9133,0.4
5,val,50.5,48,95,1.912,0.4
5,val,54.7,52,95,1.9092,0.5
5,val,58.9,56,95,1.8995,0.5
5,val,63.2,60,95,1.8994,0.6
5,val,67.4,64,95,1.8997,0.6
5,val,71.6,68,95,1.8985,0.8
5,val,75.8,72,95,1.8978,0.8
5,val,80.0,76,95,1.8932,0.8
5,val,84.2,80,95,1.8928,0.8
5,val,88.4,84,95,1.8928,0.9
5,val,92.6,88,95,1.8925,1.0
5,val,96.8,92,95,1.8946,1.1
5,val,100.0,95,95,1.8957,1.1
6,train,4.8,21,438,1.9971,0.2
6,train,9.6,42,438,2.0058,0.4
6,train,14.4,63,438,2.0048,0.5
6,train,19.2,84,438,2.0038,0.6
6,train,24.0,105,438,2.002,0.7
6,train,28.8,126,438,2.0009,0.8
6,train,33.6,147,438,2.0006,1.0
6,train,38.4,168,438,1.9998,1.1
6,train,43.2,189,438,2.0013,1.3
6,train,47.9,210,438,2.0021,1.5
6,train,52.7,231,438,2.0022,1.7
6,train,57.5,252,438,2.0026,1.9
6,train,62.3,273,438,2.003,2.2
6,train,67.1,294,438,2.0025,2.3
6,train,71.9,315,438,2.0016,2.6
6,train,76.7,336,438,2.0021,2.8
6,train,81.5,357,438,2.0014,3.0
6,train,86.3,378,438,2.0017,3.3
6,train,91.1,399,438,2.0018,3.4
6,train,95.9,420,438,2.0013,3.5
6,train,100.0,438,438,2.0006,3.7
6,val,4.2,4,95,1.8458,0.2
6,val,8.4,8,95,1.8473,0.2
6,val,12.6,12,95,1.8482,0.2
6,val,16.8,16,95,1.847,0.2
6,val,21.1,20,95,1.8522,0.3
6,val,25.3,24,95,1.8516,0.3
6,val,29.5,28,95,1.8598,0.3
6,val,33.7,32,95,1.8587,0.3
6,val,37.9,36,95,1.8631,0.4
6,val,42.1,40,95,1.8643,0.4
6,val,46.3,44,95,1.8675,0.4
6,val,50.5,48,95,1.8711,0.4
6,val,54.7,52,95,1.8734,0.6
6,val,58.9,56,95,1.8675,0.6
6,val,63.2,60,95,1.8682,0.6
6,val,67.4,64,95,1.8677,0.6
6,val,71.6,68,95,1.8634,0.7
6,val,75.8,72,95,1.8633,0.7
6,val,80.0,76,95,1.8563,0.8
6,val,84.2,80,95,1.8582,0.8
6,val,88.4,84,95,1.8563,0.8
6,val,92.6,88,95,1.855,0.8
6,val,96.8,92,95,1.8573,0.8
6,val,100.0,95,95,1.8585,0.9
7,train,4.8,21,438,1.9986,0.3
7,train,9.6,42,438,1.9969,0.4
7,train,14.4,63,438,1.9956,0.5
7,train,19.2,84,438,1.9963,0.7
7,train,24.0,105,438,1.9948,0.9
7,train,28.8,126,438,1.9916,1.0
7,train,33.6,147,438,1.9914,1.1
7,train,38.4,168,438,1.9909,1.2
7,train,43.2,189,438,1.9923,1.5
7,train,47.9,210,438,1.9951,1.6
7,train,52.7,231,438,1.9959,1.8
7,train,57.5,252,438,1.9961,2.0
7,train,62.3,273,438,1.9959,2.2
7,train,67.1,294,438,1.9966,2.5
7,train,71.9,315,438,1.997,2.7
7,train,76.7,336,438,1.9979,2.8
7,train,81.5,357,438,1.9972,3.1
7,train,86.3,378,438,1.997,3.2
7,train,91.1,399,438,1.9967,3.5
7,train,95.9,420,438,1.9961,3.8
7,train,100.0,438,438,1.9962,3.9
7,val,4.2,4,95,1.8709,0.2
7,val,8.4,8,95,1.8581,0.2
7,val,12.6,12,95,1.8632,0.2
7,val,16.8,16,95,1.8716,0.2
7,val,21.1,20,95,1.8743,0.3
7,val,25.3,24,95,1.8738,0.3
7,val,29.5,28,95,1.8796,0.5
7,val,33.7,32,95,1.877,0.6
7,val,37.9,36,95,1.878,0.6
7,val,42.1,40,95,1.8768,0.7
7,val,46.3,44,95,1.8784,0.7
7,val,50.5,48,95,1.8795,0.7
7,val,54.7,52,95,1.8771,0.7
7,val,58.9,56,95,1.8683,0.7
7,val,63.2,60,95,1.8693,0.7
7,val,67.4,64,95,1.8693,0.8
7,val,71.6,68,95,1.8663,0.8
7,val,75.8,72,95,1.866,0.8
7,val,80.0,76,95,1.8598,0.8
7,val,84.2,80,95,1.8613,0.9
7,val,88.4,84,95,1.8596,0.9
7,val,92.6,88,95,1.8584,0.9
7,val,96.8,92,95,1.8608,0.9
7,val,100.0,95,95,1.8617,0.9
8,train,4.8,21,438,1.9942,0.2
8,train,9.6,42,438,1.9891,0.4
8,train,14.4,63,438,1.9875,0.5
8,train,19.2,84,438,1.9897,0.7
8,train,24.0,105,438,1.9899,0.8
8,train,28.8,126,438,1.9892,0.9
8,train,33.6,147,438,1.9889,1.1
8,train,38.4,168,438,1.989,1.2
8,train,43.2,189,438,1.9875,1.4
8,train,47.9,210,438,1.9862,1.6
8,train,52.7,231,438,1.9857,1.8
8,train,57.5,252,438,1.9854,1.9
8,train,62.3,273,438,1.9859,2.2
8,train,67.1,294,438,1.9861,2.4
8,train,71.9,315,438,1.9868,2.6
8,train,76.7,336,438,1.9866,2.8
8,train,81.5,357,438,1.9862,2.9
8,train,86.3,378,438,1.9863,3.2
8,train,91.1,399,438,1.9862,3.5
8,train,95.9,420,438,1.9873,3.6
8,train,100.0,438,438,1.9877,3.7
8,val,4.2,4,95,1.8996,0.2
8,val,8.4,8,95,1.886,0.2
8,val,12.6,12,95,1.8968,0.2
8,val,16.8,16,95,1.9171,0.3
8,val,21.1,20,95,1.916,0.3
8,val,25.3,24,95,1.9119,0.3
8,val,29.5,28,95,1.9146,0.3
8,val,33.7,32,95,1.9082,0.4
8,val,37.9,36,95,1.9058,0.6
8,val,42.1,40,95,1.9012,0.6
8,val,46.3,44,95,1.9012,0.6
8,val,50.5,48,95,1.9004,0.6
8,val,54.7,52,95,1.8951,0.6
8,val,58.9,56,95,1.8843,0.6
8,val,63.2,60,95,1.8847,0.7
8,val,67.4,64,95,1.8842,0.7
8,val,71.6,68,95,1.8811,0.9
8,val,75.8,72,95,1.8804,0.9
8,val,80.0,76,95,1.8748,0.9
8,val,84.2,80,95,1.8746,0.9
8,val,88.4,84,95,1.8742,1.0
8,val,92.6,88,95,1.8729,1.0
8,val,96.8,92,95,1.8753,1.0
8,val,100.0,95,95,1.8761,1.0
9,train,4.8,21,438,1.9971,0.2
9,train,9.6,42,438,1.9903,0.3
9,train,14.4,63,438,1.9824,0.4
9,train,19.2,84,438,1.9804,0.6
9,train,24.0,105,438,1.9787,0.8
9,train,28.8,126,438,1.9778,1.0
9,train,33.6,147,438,1.9797,1.1
9,train,38.4,168,438,1.9816,1.2
9,train,43.2,189,438,1.9827,1.5
9,train,47.9,210,438,1.9832,1.6
9,train,52.7,231,438,1.9832,1.9
9,train,57.5,252,438,1.9828,2.1
9,train,62.3,273,438,1.9825,2.2
9,train,67.1,294,438,1.9833,2.5
9,train,71.9,315,438,1.9825,2.6
9,train,76.7,336,438,1.9826,2.9
9,train,81.5,357,438,1.9824,3.2
9,train,86.3,378,438,1.9818,3.3
9,train,91.1,399,438,1.9827,3.5
9,train,95.9,420,438,1.9829,3.9
9,train,100.0,438,438,1.9821,4.0
9,val,4.2,4,95,1.86,0.1
9,val,8.4,8,95,1.8423,0.1
9,val,12.6,12,95,1.8509,0.1
9,val,16.8,16,95,1.8527,0.1
9,val,21.1,20,95,1.8559,0.2
9,val,25.3,24,95,1.8551,0.2
9,val,29.5,28,95,1.8625,0.2
9,val,33.7,32,95,1.8613,0.2
9,val,37.9,36,95,1.8627,0.3
9,val,42.1,40,95,1.8623,0.3
9,val,46.3,44,95,1.8623,0.3
9,val,50.5,48,95,1.8651,0.3
9,val,54.7,52,95,1.8628,0.3
9,val,58.9,56,95,1.8537,0.3
9,val,63.2,60,95,1.8539,0.4
9,val,67.4,64,95,1.8546,0.4
9,val,71.6,68,95,1.8517,0.4
9,val,75.8,72,95,1.8511,0.4
9,val,80.0,76,95,1.8459,0.5
9,val,84.2,80,95,1.8466,0.5
9,val,88.4,84,95,1.8457,0.7
9,val,92.6,88,95,1.8451,0.7
9,val,96.8,92,95,1.8474,0.7
9,val,100.0,95,95,1.8487,0.7
10,train,4.8,21,438,1.9774,0.2
10,train,9.6,42,438,1.9838,0.3
10,train,14.4,63,438,1.98,0.4
10,train,19.2,84,438,1.9783,0.5
10,train,24.0,105,438,1.9783,0.8
10,train,28.8,126,438,1.9792,0.9
10,train,33.6,147,438,1.9774,1.0
10,train,38.4,168,438,1.9773,1.1
10,train,43.2,189,438,1.9762,1.3
10,train,47.9,210,438,1.975,1.5
10,train,52.7,231,438,1.9751,1.6
10,train,57.5,252,438,1.975,1.9
10,train,62.3,273,438,1.9743,2.2
10,train,67.1,294,438,1.9746,2.4
10,train,71.9,315,438,1.9748,2.5
10,train,76.7,336,438,1.9736,2.9
10,train,81.5,357,438,1.9743,3.0
10,train,86.3,378,438,1.9738,3.1
10,train,91.1,399,438,1.9737,3.4
10,train,95.9,420,438,1.9732,3.5
10,train,100.0,438,438,1.9732,3.8
10,val,4.2,4,95,1.8431,0.2
10,val,8.4,8,95,1.8572,0.2
10,val,12.6,12,95,1.8636,0.3
10,val,16.8,16,95,1.8802,0.3
10,val,21.1,20,95,1.8794,0.3
10,val,25.3,24,95,1.8813,0.3
10,val,29.5,28,95,1.8856,0.4
10,val,33.7,32,95,1.8782,0.4
10,val,37.9,36,95,1.8771,0.4
10,val,42.1,40,95,1.8754,0.4
10,val,46.3,44,95,1.8768,0.6
10,val,50.5,48,95,1.8749,0.6
10,val,54.7,52,95,1.8723,0.6
10,val,58.9,56,95,1.8602,0.6
10,val,63.2,60,95,1.8617,0.7
10,val,67.4,64,95,1.8614,0.7
10,val,71.6,68,95,1.8588,0.8
10,val,75.8,72,95,1.8583,0.8
10,val,80.0,76,95,1.8522,0.8
10,val,84.2,80,95,1.8536,0.8
10,val,88.4,84,95,1.8537,0.9
10,val,92.6,88,95,1.8518,0.9
10,val,96.8,92,95,1.8553,0.9
10,val,100.0,95,95,1.8561,0.9
11,train,4.8,21,438,1.9696,0.2
11,train,9.6,42,438,1.9627,0.3
11,train,14.4,63,438,1.9647,0.4
11,train,19.2,84,438,1.9619,0.5
11,train,24.0,105,438,1.9649,0.6
11,train,28.8,126,438,1.963,0.9
11,train,33.6,147,438,1.9634,1.0
11,train,38.4,168,438,1.9652,1.4
11,train,43.2,189,438,1.9667,1.7
11,train,47.9,210,438,1.9679,1.8
11,train,52.7,231,438,1.9682,2.0
11,train,57.5,252,438,1.9673,2.1
11,train,62.3,273,438,1.9658,2.3
11,train,67.1,294,438,1.966,2.6
11,train,71.9,315,438,1.965,2.9
11,train,76.7,336,438,1.9657,3.0
11,train,81.5,357,438,1.9654,3.2
11,train,86.3,378,438,1.9655,3.5
11,train,91.1,399,438,1.9662,3.6
11,train,95.9,420,438,1.9666,4.0
11,train,100.0,438,438,1.9666,4.1
11,val,4.2,4,95,1.8124,0.3
11,val,8.4,8,95,1.8109,0.3
11,val,12.6,12,95,1.826,0.3
11,val,16.8,16,95,1.8248,0.3
11,val,21.1,20,95,1.8276,0.4
11,val,25.3,24,95,1.8286,0.4
11,val,29.5,28,95,1.8341,0.4
11,val,33.7,32,95,1.8335,0.4
11,val,37.9,36,95,1.84,0.5
11,val,42.1,40,95,1.8443,0.5
11,val,46.3,44,95,1.8484,0.5
11,val,50.5,48,95,1.8502,0.5
11,val,54.7,52,95,1.8464,0.6
11,val,58.9,56,95,1.8389,0.6
11,val,63.2,60,95,1.8409,0.6
11,val,67.4,64,95,1.8416,0.6
11,val,71.6,68,95,1.8378,0.7
11,val,75.8,72,95,1.8375,0.7
11,val,80.0,76,95,1.8296,0.7
11,val,84.2,80,95,1.8303,0.7
11,val,88.4,84,95,1.8281,0.8
11,val,92.6,88,95,1.8275,0.8
11,val,96.8,92,95,1.831,0.8
11,val,100.0,95,95,1.8319,0.8
12,train,4.8,21,438,1.9474,0.3
12,train,9.6,42,438,1.951,0.4
12,train,14.4,63,438,1.9494,0.5
12,train,19.2,84,438,1.951,0.7
12,train,24.0,105,438,1.9495,0.8
12,train,28.8,126,438,1.9499,1.2
12,train,33.6,147,438,1.9517,1.3
12,train,38.4,168,438,1.9518,1.4
12,train,43.2,189,438,1.954,1.7
12,train,47.9,210,438,1.9534,1.9
12,train,52.7,231,438,1.956,2.0
12,train,57.5,252,438,1.957,2.3
12,train,62.3,273,438,1.9582,2.4
12,train,67.1,294,438,1.959,2.7
12,train,71.9,315,438,1.9595,2.8
12,train,76.7,336,438,1.9584,3.0
12,train,81.5,357,438,1.9597,3.2
12,train,86.3,378,438,1.9592,3.4
12,train,91.1,399,438,1.9596,3.7
12,train,95.9,420,438,1.9598,3.8
12,train,100.0,438,438,1.9597,4.0
12,val,4.2,4,95,1.8878,0.1
12,val,8.4,8,95,1.8527,0.2
12,val,12.6,12,95,1.8625,0.2
12,val,16.8,16,95,1.8703,0.4
12,val,21.1,20,95,1.8684,0.4
12,val,25.3,24,95,1.8664,0.4
12,val,29.5,28,95,1.8716,0.5
12,val,33.7,32,95,1.8688,0.5
12,val,37.9,36,95,1.8694,0.5
12,val,42.1,40,95,1.8665,0.7
12,val,46.3,44,95,1.8659,0.7
12,val,50.5,48,95,1.8666,0.7
12,val,54.7,52,95,1.863,0.7
12,val,58.9,56,95,1.8529,0.8
12,val,63.2,60,95,1.854,0.8
12,val,67.4,64,95,1.8561,0.8
12,val,71.6,68,95,1.8524,0.8
12,val,75.8,72,95,1.8531,0.9
12,val,80.0,76,95,1.8482,0.9
12,val,84.2,80,95,1.8465,1.2
12,val,88.4,84,95,1.8462,1.2
12,val,92.6,88,95,1.8459,1.3
12,val,96.8,92,95,1.8487,1.3
12,val,100.0,95,95,1.8496,1.3
13,train,4.8,21,438,1.9427,0.2
13,train,9.6,42,438,1.9426,0.3
13,train,14.4,63,438,1.9543,0.7
13,train,19.2,84,438,1.9521,0.8
13,train,24.0,105,438,1.9531,0.9
13,train,28.8,126,438,1.9533,1.0
13,train,33.6,147,438,1.9528,1.2
13,train,38.4,168,438,1.9538,1.3
13,train,43.2,189,438,1.9519,1.9
13,train,47.9,210,438,1.9517,2.1
13,train,52.7,231,438,1.9528,2.3
13,train,57.5,252,438,1.9521,2.6
13,train,62.3,273,438,1.9501,2.9
13,train,67.1,294,438,1.9505,3.1
13,train,71.9,315,438,1.9514,3.3
13,train,76.7,336,438,1.9529,3.5
13,train,81.5,357,438,1.953,3.7
13,train,86.3,378,438,1.9527,4.0
13,train,91.1,399,438,1.9531,4.4
13,train,95.9,420,438,1.9528,4.6
13,train,100.0,438,438,1.953,4.7
13,val,4.2,4,95,1.8841,0.3
13,val,8.4,8,95,1.8677,0.3
13,val,12.6,12,95,1.8695,0.3
13,val,16.8,16,95,1.8703,0.4
13,val,21.1,20,95,1.8671,0.4
13,val,25.3,24,95,1.8621,0.4
13,val,29.5,28,95,1.8645,0.4
13,val,33.7,32,95,1.8645,0.5
13,val,37.9,36,95,1.869,0.5
13,val,42.1,40,95,1.8707,0.5
13,val,46.3,44,95,1.8688,0.5
13,val,50.5,48,95,1.8698,0.5
13,val,54.7,52,95,1.8687,0.6
13,val,58.9,56,95,1.8607,0.6
13,val,63.2,60,95,1.8609,0.6
13,val,67.4,64,95,1.8633,0.6
13,val,71.6,68,95,1.8599,0.7
13,val,75.8,72,95,1.8593,0.7
13,val,80.0,76,95,1.8545,0.7
13,val,84.2,80,95,1.8531,0.7
13,val,88.4,84,95,1.8527,0.8
13,val,92.6,88,95,1.854,0.8
13,val,96.8,92,95,1.8563,0.8
13,val,100.0,95,95,1.8579,0.8
14,train,4.8,21,438,1.9535,0.3
14,train,9.6,42,438,1.94,0.4
14,train,14.4,63,438,1.9389,0.5
14,train,19.2,84,438,1.9396,0.7
14,train,24.0,105,438,1.9443,0.8
14,train,28.8,126,438,1.9426,1.1
14,train,33.6,147,438,1.941,1.2
14,train,38.4,168,438,1.9424,1.3
14,train,43.2,189,438,1.9425,1.4
14,train,47.9,210,438,1.9434,1.6
14,train,52.7,231,438,1.9422,1.8
14,train,57.5,252,438,1.9428,2.0
14,train,62.3,273,438,1.9438,2.1
14,train,67.1,294,438,1.9451,2.2
14,train,71.9,315,438,1.9452,2.5
14,train,76.7,336,438,1.9444,2.8
14,train,81.5,357,438,1.9439,2.9
14,train,86.3,378,438,1.9436,3.1
14,train,91.1,399,438,1.944,3.3
14,train,95.9,420,438,1.9442,3.6
14,train,100.0,438,438,1.9447,3.6
14,val,4.2,4,95,1.8647,0.1
14,val,8.4,8,95,1.8581,0.2
14,val,12.6,12,95,1.8729,0.2
14,val,16.8,16,95,1.8794,0.3
14,val,21.1,20,95,1.8778,0.4
14,val,25.3,24,95,1.8756,0.4
14,val,29.5,28,95,1.8787,0.4
14,val,33.7,32,95,1.8756,0.4
14,val,37.9,36,95,1.8767,0.5
14,val,42.1,40,95,1.8753,0.5
14,val,46.3,44,95,1.8753,0.5
14,val,50.5,48,95,1.8743,0.5
14,val,54.7,52,95,1.8703,0.6
14,val,58.9,56,95,1.8599,0.6
14,val,63.2,60,95,1.8611,0.6
14,val,67.4,64,95,1.8632,0.6
14,val,71.6,68,95,1.8603,0.8
14,val,75.8,72,95,1.86,0.8
14,val,80.0,76,95,1.8557,0.8
14,val,84.2,80,95,1.8548,0.8
14,val,88.4,84,95,1.8538,0.9
14,val,92.6,88,95,1.8522,0.9
14,val,96.8,92,95,1.8548,1.6
14,val,100.0,95,95,1.8556,1.6
15,train,4.8,21,438,1.9378,0.3
15,train,9.6,42,438,1.9401,0.4
15,train,14.4,63,438,1.9349,0.5
15,train,19.2,84,438,1.9388,0.6
15,train,24.0,105,438,1.9401,0.7
15,train,28.8,126,438,1.9386,1.0
15,train,33.6,147,438,1.939,1.1
15,train,38.4,168,438,1.937,1.4
15,train,43.2,189,438,1.9361,1.5
15,train,47.9,210,438,1.9363,1.7
15,train,52.7,231,438,1.9336,1.8
15,train,57.5,252,438,1.9328,2.2
15,train,62.3,273,438,1.9332,2.3
15,train,67.1,294,438,1.935,2.6
15,train,71.9,315,438,1.9347,2.8
15,train,76.7,336,438,1.934,2.9
15,train,81.5,357,438,1.9343,3.3
15,train,86.3,378,438,1.9347,3.4
15,train,91.1,399,438,1.9345,3.5
15,train,95.9,420,438,1.9346,4.0
15,train,100.0,438,438,1.9346,4.1
15,val,4.2,4,95,1.8289,0.1
15,val,8.4,8,95,1.8218,0.1
15,val,12.6,12,95,1.833,0.1
15,val,16.8,16,95,1.8315,0.1
15,val,21.1,20,95,1.832,0.2
15,val,25.3,24,95,1.8311,0.2
15,val,29.5,28,95,1.8359,0.4
15,val,33.7,32,95,1.833,0.4
15,val,37.9,36,95,1.8373,0.4
15,val,42.1,40,95,1.8411,0.4
15,val,46.3,44,95,1.8438,0.5
15,val,50.5,48,95,1.8432,0.5
15,val,54.7,52,95,1.84,0.7
15,val,58.9,56,95,1.8313,0.7
15,val,63.2,60,95,1.8336,0.7
15,val,67.4,64,95,1.8353,0.7
15,val,71.6,68,95,1.8309,0.7
15,val,75.8,72,95,1.83,0.7
15,val,80.0,76,95,1.8232,1.0
15,val,84.2,80,95,1.8238,1.0
15,val,88.4,84,95,1.8223,1.1
15,val,92.6,88,95,1.8213,1.1
15,val,96.8,92,95,1.825,1.1
15,val,100.0,95,95,1.8261,1.1
16,train,4.8,21,438,1.9671,0.2
16,train,9.6,42,438,1.9423,0.5
16,train,14.4,63,438,1.937,0.7
16,train,19.2,84,438,1.9324,0.8
16,train,24.0,105,438,1.933,0.9
16,train,28.8,126,438,1.9313,1.0
16,train,33.6,147,438,1.9317,1.1
16,train,38.4,168,438,1.9304,1.3
16,train,43.2,189,438,1.9303,1.4
16,train,47.9,210,438,1.9306,1.6
16,train,52.7,231,438,1.9302,1.8
16,train,57.5,252,438,1.9301,2.1
16,train,62.3,273,438,1.929,2.4
16,train,67.1,294,438,1.9296,2.5
16,train,71.9,315,438,1.9298,2.8
16,train,76.7,336,438,1.9302,3.1
16,train,81.5,357,438,1.9304,3.2
16,train,86.3,378,438,1.9302,3.5
16,train,91.1,399,438,1.9299,3.9
16,train,95.9,420,438,1.9304,4.0
16,train,100.0,438,438,1.9306,4.3
16,val,4.2,4,95,1.8553,0.2
16,val,8.4,8,95,1.8368,0.2
16,val,12.6,12,95,1.8518,0.2
16,val,16.8,16,95,1.8525,0.3
16,val,21.1,20,95,1.8521,0.3
16,val,25.3,24,95,1.8515,0.3
16,val,29.5,28,95,1.8572,0.5
16,val,33.7,32,95,1.8539,0.5
16,val,37.9,36,95,1.8568,0.5
16,val,42.1,40,95,1.858,0.5
16,val,46.3,44,95,1.8569,0.6
16,val,50.5,48,95,1.8558,0.7
16,val,54.7,52,95,1.8521,0.8
16,val,58.9,56,95,1.8428,0.8
16,val,63.2,60,95,1.8448,0.8
16,val,67.4,64,95,1.8475,0.8
16,val,71.6,68,95,1.8448,0.8
16,val,75.8,72,95,1.844,1.0
16,val,80.0,76,95,1.8391,1.0
16,val,84.2,80,95,1.8385,1.0
16,val,88.4,84,95,1.8372,1.1
16,val,92.6,88,95,1.8366,1.1
16,val,96.8,92,95,1.8383,1.1
16,val,100.0,95,95,1.8387,1.1
17,train,4.8,21,438,1.9078,0.1
17,train,9.6,42,438,1.92,0.3
17,train,14.4,63,438,1.918,0.4
17,train,19.2,84,438,1.9152,0.5
17,train,24.0,105,438,1.918,0.6
17,train,28.8,126,438,1.9195,0.9
17,train,33.6,147,438,1.9188,1.0
17,train,38.4,168,438,1.9199,1.3
17,train,43.2,189,438,1.9193,1.4
17,train,47.9,210,438,1.9188,1.7
17,train,52.7,231,438,1.918,1.8
17,train,57.5,252,438,1.9199,2.0
17,train,62.3,273,438,1.9201,2.3
17,train,67.1,294,438,1.9198,2.4
17,train,71.9,315,438,1.9181,2.6
17,train,76.7,336,438,1.9182,2.9
17,train,81.5,357,438,1.9187,3.1
17,train,86.3,378,438,1.9193,3.4
17,train,91.1,399,438,1.9195,3.5
17,train,95.9,420,438,1.9196,3.8
17,train,100.0,438,438,1.9204,3.9
17,val,4.2,4,95,1.8786,0.1
17,val,8.4,8,95,1.8771,0.1
17,val,12.6,12,95,1.8793,0.3
17,val,16.8,16,95,1.8759,0.3
17,val,21.1,20,95,1.8666,0.3
17,val,25.3,24,95,1.8607,0.3
17,val,29.5,28,95,1.8638,0.5
17,val,33.7,32,95,1.8616,0.5
17,val,37.9,36,95,1.8631,0.6
17,val,42.1,40,95,1.863,0.6
17,val,46.3,44,95,1.8633,0.6
17,val,50.5,48,95,1.8624,0.6
17,val,54.7,52,95,1.8593,0.8
17,val,58.9,56,95,1.8499,0.8
17,val,63.2,60,95,1.8512,0.8
17,val,67.4,64,95,1.8526,0.9
17,val,71.6,68,95,1.8496,0.9
17,val,75.8,72,95,1.8491,0.9
17,val,80.0,76,95,1.8433,0.9
17,val,84.2,80,95,1.842,0.9
17,val,88.4,84,95,1.8416,1.0
17,val,92.6,88,95,1.8402,1.0
17,val,96.8,92,95,1.843,1.0
17,val,100.0,95,95,1.8445,1.0
18,train,4.8,21,438,1.9115,0.3
18,train,9.6,42,438,1.9127,0.4
18,train,14.4,63,438,1.9115,0.5
18,train,19.2,84,438,1.9094,0.6
18,train,24.0,105,438,1.9052,0.9
18,train,28.8,126,438,1.9088,1.0
18,train,33.6,147,438,1.9098,1.2
18,train,38.4,168,438,1.9111,1.4
18,train,43.2,189,438,1.9119,1.5
18,train,47.9,210,438,1.9107,1.8
18,train,52.7,231,438,1.91,1.9
18,train,57.5,252,438,1.9088,2.2
18,train,62.3,273,438,1.9087,2.4
18,train,67.1,294,438,1.9085,2.8
18,train,71.9,315,438,1.9092,2.9
18,train,76.7,336,438,1.9088,3.0
18,train,81.5,357,438,1.909,3.3
18,train,86.3,378,438,1.9097,3.4
18,train,91.1,399,438,1.9104,3.6
18,train,95.9,420,438,1.9108,3.7
18,train,100.0,438,438,1.9105,3.9
18,val,4.2,4,95,1.86,0.2
18,val,8.4,8,95,1.8539,0.2
18,val,12.6,12,95,1.8654,0.3
18,val,16.8,16,95,1.8623,0.3
18,val,21.1,20,95,1.8595,0.4
18,val,25.3,24,95,1.8581,0.4
18,val,29.5,28,95,1.8637,0.6
18,val,33.7,32,95,1.8589,0.6
18,val,37.9,36,95,1.8572,0.6
18,val,42.1,40,95,1.8571,0.7
18,val,46.3,44,95,1.8571,0.7
18,val,50.5,48,95,1.8548,0.7
18,val,54.7,52,95,1.8525,0.8
18,val,58.9,56,95,1.8413,0.8
18,val,63.2,60,95,1.8439,0.8
18,val,67.4,64,95,1.8448,0.8
18,val,71.6,68,95,1.8403,0.9
18,val,75.8,72,95,1.841,0.9
18,val,80.0,76,95,1.8357,0.9
18,val,84.2,80,95,1.836,0.9
18,val,88.4,84,95,1.8356,1.1
18,val,92.6,88,95,1.8332,1.1
18,val,96.8,92,95,1.8369,1.1
18,val,100.0,95,95,1.8379,1.1
19,train,4.8,21,438,1.8683,0.2
19,train,9.6,42,438,1.8847,0.3
19,train,14.4,63,438,1.8861,0.4
19,train,19.2,84,438,1.8901,0.5
19,train,24.0,105,438,1.8891,0.6
19,train,28.8,126,438,1.8913,0.9
19,train,33.6,147,438,1.8941,1.3
19,train,38.4,168,438,1.8938,1.4
19,train,43.2,189,438,1.8962,1.7
19,train,47.9,210,438,1.8978,1.8
19,train,52.7,231,438,1.8969,2.0
19,train,57.5,252,438,1.8962,2.1
19,train,62.3,273,438,1.8959,2.4
19,train,67.1,294,438,1.8961,2.7
19,train,71.9,315,438,1.897,2.8
19,train,76.7,336,438,1.8972,2.9
19,train,81.5,357,438,1.8979,3.4
19,train,86.3,378,438,1.8982,3.6
19,train,91.1,399,438,1.8986,3.7
19,train,95.9,420,438,1.8991,3.9
19,train,100.0,438,438,1.8987,4.1
19,val,4.2,4,95,1.8117,0.1
19,val,8.4,8,95,1.8243,0.4
19,val,12.6,12,95,1.8363,0.4
19,val,16.8,16,95,1.8333,0.6
19,val,21.1,20,95,1.8356,0.6
19,val,25.3,24,95,1.8331,0.7
19,val,29.5,28,95,1.8404,0.7
19,val,33.7,32,95,1.8363,0.9
19,val,37.9,36,95,1.8425,0.9
19,val,42.1,40,95,1.8459,0.9
19,val,46.3,44,95,1.8489,0.9
19,val,50.5,48,95,1.8488,0.9
19,val,54.7,52,95,1.8457,1.0
19,val,58.9,56,95,1.8337,1.0
19,val,63.2,60,95,1.8367,1.0
19,val,67.4,64,95,1.8396,1.2
19,val,71.6,68,95,1.8355,1.2
19,val,75.8,72,95,1.834,1.2
19,val,80.0,76,95,1.8278,1.2
19,val,84.2,80,95,1.8301,1.2
19,val,88.4,84,95,1.8286,1.3
19,val,92.6,88,95,1.8276,1.3
19,val,96.8,92,95,1.8313,1.3
19,val,100.0,95,95,1.832,1.3
20,train,4.8,21,438,1.8798,0.3
20,train,9.6,42,438,1.8817,0.7
20,train,14.4,63,438,1.8764,0.8
20,train,19.2,84,438,1.8761,0.9
20,train,24.0,105,438,1.8772,1.0
20,train,28.8,126,438,1.8771,1.4
20,train,33.6,147,438,1.8757,1.5
20,train,38.4,168,438,1.8753,1.8
20,train,43.2,189,438,1.8757,1.9
20,train,47.9,210,438,1.8753,2.1
20,train,52.7,231,438,1.8749,2.3
20,train,57.5,252,438,1.8746,2.4
20,train,62.3,273,438,1.8731,2.7
20,train,67.1,294,438,1.8726,2.9
20,train,71.9,315,438,1.8714,3.0
20,train,76.7,336,438,1.87,3.3
20,train,81.5,357,438,1.869,3.6
20,train,86.3,378,438,1.8686,3.7
20,train,91.1,399,438,1.8683,4.1
20,train,95.9,420,438,1.8683,4.4
20,train,100.0,438,438,1.8695,4.5
20,val,4.2,4,95,1.8332,0.1
20,val,8.4,8,95,1.8316,0.2
20,val,12.6,12,95,1.8495,0.2
20,val,16.8,16,95,1.8388,0.2
20,val,21.1,20,95,1.8374,0.4
20,val,25.3,24,95,1.8346,0.4
20,val,29.5,28,95,1.8368,0.4
20,val,33.7,32,95,1.8361,0.4
20,val,37.9,36,95,1.8412,0.6
20,val,42.1,40,95,1.8476,0.6
20,val,46.3,44,95,1.8497,0.6
20,val,50.5,48,95,1.8475,0.6
20,val,54.7,52,95,1.8443,0.6
20,val,58.9,56,95,1.8337,0.7
20,val,63.2,60,95,1.8366,0.7
20,val,67.4,64,95,1.8395,0.7
20,val,71.6,68,95,1.8349,0.7
20,val,75.8,72,95,1.8341,0.9
20,val,80.0,76,95,1.8277,0.9
20,val,84.2,80,95,1.8277,1.0
20,val,88.4,84,95,1.8261,1.0
20,val,92.6,88,95,1.8257,1.0
20,val,96.8,92,95,1.8289,1.0
20,val,100.0,95,95,1.8293,1.0
21,train,4.8,21,438,1.8586,0.4
21,train,9.6,42,438,1.8574,0.5
21,train,14.4,63,438,1.8583,0.7
21,train,19.2,84,438,1.857,0.9
21,train,24.0,105,438,1.8563,1.0
21,train,28.8,126,438,1.8536,1.1
21,train,33.6,147,438,1.8515,1.2
21,train,38.4,168,438,1.8522,1.4
21,train,43.2,189,438,1.8535,1.7
21,train,47.9,210,438,1.8546,1.8
21,train,52.7,231,438,1.8548,2.1
21,train,57.5,252,438,1.8561,2.3
21,train,62.3,273,438,1.8552,2.4
21,train,67.1,294,438,1.8553,2.8
21,train,71.9,315,438,1.8544,2.9
21,train,76.7,336,438,1.8548,3.2
21,train,81.5,357,438,1.855,3.4
21,train,86.3,378,438,1.8559,3.8
21,train,91.1,399,438,1.8562,3.9
21,train,95.9,420,438,1.8562,4.1
21,train,100.0,438,438,1.8568,4.2
21,val,4.2,4,95,1.8759,0.3
21,val,8.4,8,95,1.8674,0.3
21,val,12.6,12,95,1.878,0.3
21,val,16.8,16,95,1.8731,0.3
21,val,21.1,20,95,1.8691,0.4
21,val,25.3,24,95,1.865,0.4
21,val,29.5,28,95,1.864,0.4
21,val,33.7,32,95,1.8617,0.4
21,val,37.9,36,95,1.8636,0.5
21,val,42.1,40,95,1.8674,0.5
21,val,46.3,44,95,1.8689,0.5
21,val,50.5,48,95,1.8653,0.5
21,val,54.7,52,95,1.8638,0.6
21,val,58.9,56,95,1.8539,0.6
21,val,63.2,60,95,1.8553,0.8
21,val,67.4,64,95,1.8591,0.8
21,val,71.6,68,95,1.8545,0.8
21,val,75.8,72,95,1.854,0.8
21,val,80.0,76,95,1.8484,0.8
21,val,84.2,80,95,1.8482,0.8
21,val,88.4,84,95,1.8469,1.0
21,val,92.6,88,95,1.8463,1.0
21,val,96.8,92,95,1.8492,1.0
21,val,100.0,95,95,1.8504,1.0
22,train,4.8,21,438,1.8432,0.2
22,train,9.6,42,438,1.842,0.3
22,train,14.4,63,438,1.8451,0.4
22,train,19.2,84,438,1.8428,0.5
22,train,24.0,105,438,1.8493,0.8
22,train,28.8,126,438,1.8458,1.0
22,train,33.6,147,438,1.8463,1.2
22,train,38.4,168,438,1.8455,1.4
22,train,43.2,189,438,1.846,1.6
22,train,47.9,210,438,1.8437,1.8
22,train,52.7,231,438,1.8433,2.1
22,train,57.5,252,438,1.8447,2.4
22,train,62.3,273,438,1.846,2.5
22,train,67.1,294,438,1.8464,2.8
22,train,71.9,315,438,1.8481,3.0
22,train,76.7,336,438,1.8487,3.1
22,train,81.5,357,438,1.8479,3.5
22,train,86.3,378,438,1.8478,3.7
22,train,91.1,399,438,1.8476,3.9
22,train,95.9,420,438,1.8473,4.0
22,train,100.0,438,438,1.8469,4.2
22,val,4.2,4,95,1.8716,0.2
22,val,8.4,8,95,1.8681,0.2
22,val,12.6,12,95,1.8813,0.2
22,val,16.8,16,95,1.8727,0.2
22,val,21.1,20,95,1.8663,0.3
22,val,25.3,24,95,1.8628,0.3
22,val,29.5,28,95,1.8647,0.5
22,val,33.7,32,95,1.8636,0.5
22,val,37.9,36,95,1.8673,0.5
22,val,42.1,40,95,1.8704,0.5
22,val,46.3,44,95,1.8701,0.6
22,val,50.5,48,95,1.8666,0.6
22,val,54.7,52,95,1.863,0.6
22,val,58.9,56,95,1.8523,0.6
22,val,63.2,60,95,1.8543,0.9
22,val,67.4,64,95,1.8579,0.9
22,val,71.6,68,95,1.8531,1.0
22,val,75.8,72,95,1.854,1.0
22,val,80.0,76,95,1.8476,1.0
22,val,84.2,80,95,1.8464,1.0
22,val,88.4,84,95,1.8461,1.1
22,val,92.6,88,95,1.8456,1.1
22,val,96.8,92,95,1.8487,1.1
22,val,100.0,95,95,1.8496,1.1
23,train,4.8,21,438,1.8276,0.2
23,train,9.6,42,438,1.8354,0.3
23,train,14.4,63,438,1.8354,0.4
23,train,19.2,84,438,1.8338,0.5
23,train,24.0,105,438,1.8332,0.6
23,train,28.8,126,438,1.8312,0.9
23,train,33.6,147,438,1.8316,1.2
23,train,38.4,168,438,1.8297,1.3
23,train,43.2,189,438,1.8307,1.4
23,train,47.9,210,438,1.8334,1.6
23,train,52.7,231,438,1.8339,1.7
23,train,57.5,252,438,1.8338,2.0
23,train,62.3,273,438,1.8333,2.1
23,train,67.1,294,438,1.8345,2.4
23,train,71.9,315,438,1.8358,2.5
23,train,76.7,336,438,1.8354,2.8
23,train,81.5,357,438,1.8367,3.0
23,train,86.3,378,438,1.8368,3.1
23,train,91.1,399,438,1.8366,3.5
23,train,95.9,420,438,1.8371,3.6
23,train,100.0,438,438,1.8369,3.8
23,val,4.2,4,95,1.8547,0.2
23,val,8.4,8,95,1.8624,0.2
23,val,12.6,12,95,1.8864,0.3
23,val,16.8,16,95,1.8795,0.3
23,val,21.1,20,95,1.876,0.3
23,val,25.3,24,95,1.8727,0.3
23,val,29.5,28,95,1.8756,0.4
23,val,33.7,32,95,1.8717,0.4
23,val,37.9,36,95,1.8751,0.5
23,val,42.1,40,95,1.8776,0.5
23,val,46.3,44,95,1.8783,0.6
23,val,50.5,48,95,1.8724,0.6
23,val,54.7,52,95,1.8669,0.6
23,val,58.9,56,95,1.8551,0.6
23,val,63.2,60,95,1.8564,0.7
23,val,67.4,64,95,1.8603,0.9
23,val,71.6,68,95,1.856,0.9
23,val,75.8,72,95,1.8555,0.9
23,val,80.0,76,95,1.8485,0.9
23,val,84.2,80,95,1.8483,0.9
23,val,88.4,84,95,1.8469,1.0
23,val,92.6,88,95,1.8453,1.0
23,val,96.8,92,95,1.848,1.1
23,val,100.0,95,95,1.8485,1.2
24,train,4.8,21,438,1.7959,0.2
24,train,9.6,42,438,1.8038,0.3
24,train,14.4,63,438,1.8144,0.4
24,train,19.2,84,438,1.8075,0.6
24,train,24.0,105,438,1.807,0.7
24,train,28.8,126,438,1.8039,1.1
24,train,33.6,147,438,1.8069,1.2
24,train,38.4,168,438,1.8081,1.4
24,train,43.2,189,438,1.808,1.5
24,train,47.9,210,438,1.8083,1.6
24,train,52.7,231,438,1.8074,2.0
24,train,57.5,252,438,1.8072,2.3
24,train,62.3,273,438,1.8073,2.4
24,train,67.1,294,438,1.8092,2.8
24,train,71.9,315,438,1.8093,3.0
24,train,76.7,336,438,1.8088,3.3
24,train,81.5,357,438,1.8085,3.5
24,train,86.3,378,438,1.8092,3.6
24,train,91.1,399,438,1.8101,3.9
24,train,95.9,420,438,1.8101,4.1
24,train,100.0,438,438,1.8097,4.3
24,val,4.2,4,95,1.8558,0.2
24,val,8.4,8,95,1.8715,0.2
24,val,12.6,12,95,1.8792,0.5
24,val,16.8,16,95,1.8735,0.5
24,val,21.1,20,95,1.867,0.5
24,val,25.3,24,95,1.8635,0.5
24,val,29.5,28,95,1.8653,0.5
24,val,33.7,32,95,1.8626,0.5
24,val,37.9,36,95,1.8669,0.6
24,val,42.1,40,95,1.8715,0.6
24,val,46.3,44,95,1.8732,0.6
24,val,50.5,48,95,1.8704,0.6
24,val,54.7,52,95,1.8676,0.8
24,val,58.9,56,95,1.8559,0.8
24,val,63.2,60,95,1.8579,0.9
24,val,67.4,64,95,1.8632,0.9
24,val,71.6,68,95,1.8591,0.9
24,val,75.8,72,95,1.8595,0.9
24,val,80.0,76,95,1.8532,1.1
24,val,84.2,80,95,1.8524,1.2
24,val,88.4,84,95,1.8516,1.2
24,val,92.6,88,95,1.8513,1.2
24,val,96.8,92,95,1.8544,1.2
24,val,100.0,95,95,1.8553,1.2
25,train,4.8,21,438,1.8175,0.1
25,train,9.6,42,438,1.8042,0.2
25,train,14.4,63,438,1.8027,0.3
25,train,19.2,84,438,1.8029,0.5
25,train,24.0,105,438,1.804,0.6
25,train,28.8,126,438,1.8045,0.8
25,train,33.6,147,438,1.8043,0.9
25,train,38.4,168,438,1.8038,1.1
25,train,43.2,189,438,1.802,1.2
25,train,47.9,210,438,1.8023,1.3
25,train,52.7,231,438,1.8014,1.6
25,train,57.5,252,438,1.8021,1.7
25,train,62.3,273,438,1.8031,2.0
25,train,67.1,294,438,1.8045,2.2
25,train,71.9,315,438,1.8058,2.4
25,train,76.7,336,438,1.8054,2.5
25,train,81.5,357,438,1.8063,2.8
25,train,86.3,378,438,1.8065,3.1
25,train,91.1,399,438,1.8059,3.3
25,train,95.9,420,438,1.806,3.4
25,train,100.0,438,438,1.8056,3.8
25,val,4.2,4,95,1.8786,0.2
25,val,8.4,8,95,1.8983,0.2
25,val,12.6,12,95,1.9078,0.3
25,val,16.8,16,95,1.8999,0.3
25,val,21.1,20,95,1.8906,0.3
25,val,25.3,24,95,1.8858,0.3
25,val,29.5,28,95,1.8862,0.5
25,val,33.7,32,95,1.8841,0.6
25,val,37.9,36,95,1.8882,0.6
25,val,42.1,40,95,1.8927,0.6
25,val,46.3,44,95,1.8935,0.6
25,val,50.5,48,95,1.8877,0.6
25,val,54.7,52,95,1.8832,0.7
25,val,58.9,56,95,1.8709,0.7
25,val,63.2,60,95,1.8731,0.9
25,val,67.4,64,95,1.8774,0.9
25,val,71.6,68,95,1.873,0.9
25,val,75.8,72,95,1.8733,0.9
25,val,80.0,76,95,1.8665,1.0
25,val,84.2,80,95,1.865,1.0
25,val,88.4,84,95,1.8646,1.0
25,val,92.6,88,95,1.864,1.0
25,val,96.8,92,95,1.8676,1.0
25,val,100.0,95,95,1.8681,1.1
26,train,4.8,21,438,1.8212,0.3
26,train,9.6,42,438,1.7983,0.4
26,train,14.4,63,438,1.8093,0.5
26,train,19.2,84,438,1.8056,0.6
26,train,24.0,105,438,1.8053,0.8
26,train,28.8,126,438,1.8062,0.9
26,train,33.6,147,438,1.8038,1.0
26,train,38.4,168,438,1.8023,1.1
26,train,43.2,189,438,1.8001,1.4
26,train,47.9,210,438,1.7994,1.6
26,train,52.7,231,438,1.7976,1.7
26,train,57.5,252,438,1.7977,2.0
26,train,62.3,273,438,1.7977,2.2
26,train,67.1,294,438,1.7978,2.5
26,train,71.9,315,438,1.7974,2.7
26,train,76.7,336,438,1.7968,2.9
26,train,81.5,357,438,1.7972,3.1
26,train,86.3,378,438,1.7978,3.6
26,train,91.1,399,438,1.7974,3.7
26,train,95.9,420,438,1.7976,4.0
26,train,100.0,438,438,1.7975,4.1
26,val,4.2,4,95,1.8774,0.1
26,val,8.4,8,95,1.8994,0.3
26,val,12.6,12,95,1.9133,0.3
26,val,16.8,16,95,1.9002,0.4
26,val,21.1,20,95,1.8933,0.4
26,val,25.3,24,95,1.8889,0.4
26,val,29.5,28,95,1.891,0.4
26,val,33.7,32,95,1.8871,0.5
26,val,37.9,36,95,1.8921,0.5
26,val,42.1,40,95,1.8964,0.5
26,val,46.3,44,95,1.8969,0.5
26,val,50.5,48,95,1.892,0.6
26,val,54.7,52,95,1.8885,0.6
26,val,58.9,56,95,1.8774,0.7
26,val,63.2,60,95,1.8796,0.7
26,val,67.4,64,95,1.8846,0.8
26,val,71.6,68,95,1.88,0.8
26,val,75.8,72,95,1.8796,0.8
26,val,80.0,76,95,1.873,0.8
26,val,84.2,80,95,1.8728,0.9
26,val,88.4,84,95,1.8716,1.0
26,val,92.6,88,95,1.8705,1.1
26,val,96.8,92,95,1.8736,1.1
26,val,100.0,95,95,1.8742,1.2
27,train,4.8,21,438,1.7605,0.2
27,train,9.6,42,438,1.7664,0.4
27,train,14.4,63,438,1.7696,0.5
27,train,19.2,84,438,1.7724,0.6
27,train,24.0,105,438,1.7735,0.7
27,train,28.8,126,438,1.7791,1.0
27,train,33.6,147,438,1.783,1.1
27,train,38.4,168,438,1.7851,1.2
27,train,43.2,189,438,1.7849,1.5
27,train,47.9,210,438,1.7839,1.7
27,train,52.7,231,438,1.7848,1.8
27,train,57.5,252,438,1.7857,2.1
27,train,62.3,273,438,1.7858,2.2
27,train,67.1,294,438,1.7864,2.5
27,train,71.9,315,438,1.786,2.7
27,train,76.7,336,438,1.7868,2.9
27,train,81.5,357,438,1.788,3.0
27,train,86.3,378,438,1.7887,3.3
27,train,91.1,399,438,1.7887,3.5
27,train,95.9,420,438,1.7889,3.6
27,train,100.0,438,438,1.7885,3.8
27,val,4.2,4,95,1.8564,0.1
27,val,8.4,8,95,1.8811,0.1
27,val,12.6,12,95,1.8992,0.1
27,val,16.8,16,95,1.8827,0.1
27,val,21.1,20,95,1.877,0.2
27,val,25.3,24,95,1.8744,0.2
27,val,29.5,28,95,1.8744,0.4
27,val,33.7,32,95,1.8726,0.4
27,val,37.9,36,95,1.8795,0.4
27,val,42.1,40,95,1.8869,0.4
27,val,46.3,44,95,1.889,0.5
27,val,50.5,48,95,1.8868,0.5
27,val,54.7,52,95,1.8847,0.6
27,val,58.9,56,95,1.8739,0.6
27,val,63.2,60,95,1.8757,0.7
27,val,67.4,64,95,1.881,0.7
27,val,71.6,68,95,1.8767,0.7
27,val,75.8,72,95,1.876,0.7
27,val,80.0,76,95,1.8676,0.8
27,val,84.2,80,95,1.8678,0.8
27,val,88.4,84,95,1.8669,1.0
27,val,92.6,88,95,1.8669,1.0
27,val,96.8,92,95,1.8694,1.0
27,val,100.0,95,95,1.8702,1.0
28,train,4.8,21,438,1.7742,0.3
28,train,9.6,42,438,1.7759,0.4
28,train,14.4,63,438,1.7737,0.5
28,train,19.2,84,438,1.7718,0.6
28,train,24.0,105,438,1.7724,0.8
28,train,28.8,126,438,1.7736,0.9
28,train,33.6,147,438,1.7706,1.1
28,train,38.4,168,438,1.7737,1.3
28,train,43.2,189,438,1.7734,1.4
28,train,47.9,210,438,1.7738,1.7
28,train,52.7,231,438,1.772,1.8
28,train,57.5,252,438,1.7727,2.2
28,train,62.3,273,438,1.7738,2.6
28,train,67.1,294,438,1.7745,2.9
28,train,71.9,315,438,1.7748,3.2
28,train,76.7,336,438,1.7751,3.3
28,train,81.5,357,438,1.7753,3.5
28,train,86.3,378,438,1.7751,3.7
28,train,91.1,399,438,1.7745,3.9
28,train,95.9,420,438,1.7746,4.2
28,train,100.0,438,438,1.7744,4.3
28,val,4.2,4,95,1.89,0.1
28,val,8.4,8,95,1.9081,0.1
28,val,12.6,12,95,1.9246,0.2
28,val,16.8,16,95,1.9155,0.2
28,val,21.1,20,95,1.9073,0.2
28,val,25.3,24,95,1.9026,0.2
28,val,29.5,28,95,1.9029,0.3
28,val,33.7,32,95,1.8979,0.4
28,val,37.9,36,95,1.9032,0.4
28,val,42.1,40,95,1.9083,0.4
28,val,46.3,44,95,1.9084,0.4
28,val,50.5,48,95,1.9035,0.5
28,val,54.7,52,95,1.901,0.5
28,val,58.9,56,95,1.8893,0.5
28,val,63.2,60,95,1.8915,0.6
28,val,67.4,64,95,1.8964,0.7
28,val,71.6,68,95,1.8913,0.7
28,val,75.8,72,95,1.8919,0.7
28,val,80.0,76,95,1.8848,0.7
28,val,84.2,80,95,1.885,0.8
28,val,88.4,84,95,1.8846,0.8
28,val,92.6,88,95,1.8838,0.8
28,val,96.8,92,95,1.8868,0.8
28,val,100.0,95,95,1.8875,0.9
29,train,4.8,21,438,1.7877,0.3
29,train,9.6,42,438,1.7802,0.4
29,train,14.4,63,438,1.7746,0.5
29,train,19.2,84,438,1.7698,0.6
29,train,24.0,105,438,1.7683,0.8
29,train,28.8,126,438,1.7666,1.0
29,train,33.6,147,438,1.7662,1.1
29,train,38.4,168,438,1.7658,1.3
29,train,43.2,189,438,1.7654,1.5
29,train,47.9,210,438,1.7655,1.6
29,train,52.7,231,438,1.7659,1.9
29,train,57.5,252,438,1.7654,2.0
29,train,62.3,273,438,1.767,2.2
29,train,67.1,294,438,1.7678,2.3
29,train,71.9,315,438,1.768,2.6
29,train,76.7,336,438,1.7677,2.8
29,train,81.5,357,438,1.769,3.2
29,train,86.3,378,438,1.7686,3.5
29,train,91.1,399,438,1.7695,3.7
29,train,95.9,420,438,1.7703,3.9
29,train,100.0,438,438,1.77,4.1
29,val,4.2,4,95,1.909,0.1
29,val,8.4,8,95,1.9345,0.1
29,val,12.6,12,95,1.946,0.1
29,val,16.8,16,95,1.931,0.1
29,val,21.1,20,95,1.9236,0.3
29,val,25.3,24,95,1.9185,0.4
29,val,29.5,28,95,1.9176,0.4
29,val,33.7,32,95,1.9123,0.4
29,val,37.9,36,95,1.9168,0.4
29,val,42.1,40,95,1.9208,0.5
29,val,46.3,44,95,1.9199,0.5
29,val,50.5,48,95,1.9148,0.5
29,val,54.7,52,95,1.9099,0.5
29,val,58.9,56,95,1.8976,0.5
29,val,63.2,60,95,1.8997,0.6
29,val,67.4,64,95,1.9045,0.6
29,val,71.6,68,95,1.8998,0.6
29,val,75.8,72,95,1.9006,0.7
29,val,80.0,76,95,1.8937,0.7
29,val,84.2,80,95,1.8936,0.7
29,val,88.4,84,95,1.8935,0.9
29,val,92.6,88,95,1.8923,0.9
29,val,96.8,92,95,1.8953,0.9
29,val,100.0,95,95,1.896,0.9
30,train,4.8,21,438,1.7778,0.3
30,train,9.6,42,438,1.7841,0.5
30,train,14.4,63,438,1.7846,0.6
30,train,19.2,84,438,1.7815,0.9
30,train,24.0,105,438,1.778,1.0
30,train,28.8,126,438,1.7736,1.1
30,train,33.6,147,438,1.7714,1.3
30,train,38.4,168,438,1.7693,1.5
30,train,43.2,189,438,1.7679,1.7
30,train,47.9,210,438,1.7681,2.0
30,train,52.7,231,438,1.7663,2.1
30,train,57.5,252,438,1.7657,2.4
30,train,62.3,273,438,1.7661,2.9
30,train,67.1,294,438,1.7653,3.1
30,train,71.9,315,438,1.7643,3.4
30,train,76.7,336,438,1.7645,3.5
30,train,81.5,357,438,1.765,3.8
30,train,86.3,378,438,1.7638,4.0
30,train,91.1,399,438,1.7651,4.2
30,train,95.9,420,438,1.7649,4.5
30,train,100.0,438,438,1.7651,4.6
30,val,4.2,4,95,1.9065,0.1
30,val,8.4,8,95,1.9292,0.1
30,val,12.6,12,95,1.9417,0.2
30,val,16.8,16,95,1.9315,0.2
30,val,21.1,20,95,1.9231,0.4
30,val,25.3,24,95,1.9171,0.4
30,val,29.5,28,95,1.9168,0.4
30,val,33.7,32,95,1.9107,0.4
30,val,37.9,36,95,1.9158,0.5
30,val,42.1,40,95,1.9203,0.5
30,val,46.3,44,95,1.9209,0.5
30,val,50.5,48,95,1.9152,0.5
30,val,54.7,52,95,1.9103,0.6
30,val,58.9,56,95,1.8985,0.6
30,val,63.2,60,95,1.9002,0.6
30,val,67.4,64,95,1.9054,0.6
30,val,71.6,68,95,1.9006,0.7
30,val,75.8,72,95,1.9014,0.7
30,val,80.0,76,95,1.8944,0.7
30,val,84.2,80,95,1.8937,0.7
30,val,88.4,84,95,1.8931,0.8
30,val,92.6,88,95,1.8922,0.8
30,val,96.8,92,95,1.8953,0.8
30,val,100.0,95,95,1.8959,0.8
